Commodity,Percentage Change
Apple(Jholey),0.2634811178617087
Banana,0.5978101469353178
Carrot(Local),0.6887946222239559
Cucumber(Local),1.264924273051408
Garlic Dry Nepali,0.22031399098323648
Lettuce,1.0544356102161299
Onion Dry (Indian),0.15435688656299545
Potato White,0.223030027921659
Tomato Big(Nepali),0.6997821980480231
